VTuber ID,Video Type,Title,Publish Time,URL,Thumbnail URL
bf03fd8b5b55481590ea63338c5cdd20,live,12/23 åŠ ç­å°Day71 !åŠ ç­ !æ–°è¡£è£ /æ–°è²¼åœ– !line / æªåœ˜æ¯10äºº2åˆ† / !DC / @komorikuma_vtuber / 7tv++,2023-12-21T14:49:35Z,https://www.twitch.tv/komorikuma_vtuber,https://static-cdn.jtvnw.net/previews-ttv/live_user_komorikuma_vtuber-{width}x{height}.jpg
17946118c2d641819c847aba0c491e13,live,ã€åŠ ç­å°Day#22ã€‘é¹¹é…¥é›ï¼ï¼ï¼ï¼ DCå…¬å‘Šçœ‹æŠ½çæ´»å‹•ï¼ |ç¶ ç•Œ500å…ƒæœ‰è½‰ç›¤~ -1221 | @kyusho9999 |,2023-12-22T11:40:32Z,https://www.twitch.tv/kyusho9999,https://static-cdn.jtvnw.net/previews-ttv/live_user_kyusho9999-{width}x{height}.jpg
42844ee6e0cc47938829b43a3101b9bb,live,12/22ã€åŠ ç­å°ã€‘ZZï¼Œå¿«ä¸‹ç­å•¦é‚„æƒ³è½‰çš„è¨˜å¾—å‹•ä½œå¿«ï¼Œè¨˜å¾—è¦å»è²·MARASYé‹¼ç´æ¼”å¥æœƒçš„ç¥¨  @lusaminach,2023-12-22T14:36:55Z,https://www.twitch.tv/lusaminach,https://static-cdn.jtvnw.net/previews-ttv/live_user_lusaminach-{width}x{height}.jpg
e7ac18c2e713426692cfd0ef7fe2b897,live,ã€MapleStoryã€‘å¯ä»¥é‚€ç´„è²“å’ªé™ªç©å“¦ï¼Œèªªä¸å®šå¯ä»¥è½åˆ°è²“å’ªçš„è²éŸ³(ä¸æ˜¯) (=^â€¥^=) ğŸ¾,2023-12-22T15:33:15Z,https://www.twitch.tv/kohaku_nekochan,https://static-cdn.jtvnw.net/previews-ttv/live_user_kohaku_nekochan-{width}x{height}.jpg
5535c9524eb046c38e172ebfa06b302f,live,ğŸ”´AR60 ASIAã€#åŸç¥ / Genshinã€‘æ‰å¯¶å•Ÿå‹•ä¸­ï¼Œæœ‰å•é¡Œå¯ç•™è¨€<3 â–¹ @ruroroisme â—ƒ,2023-12-22T17:21:24Z,https://www.twitch.tv/ruroroisme,https://static-cdn.jtvnw.net/previews-ttv/live_user_ruroroisme-{width}x{height}.jpg
1e10c82a40224474bba81c3a9e293c51,live,ã€åº«é›·ã€‘ææ€–éŠæˆ²ä¸€ä¸‹ | æ­¡è¿æ›å°è³ºé»æ•¸ å¹´æœ«æŠ½ç| ğŸ‘» |  @kukuley_97,2023-12-22T19:50:23Z,https://www.twitch.tv/kukuley_97,https://static-cdn.jtvnw.net/previews-ttv/live_user_kukuley_97-{width}x{height}.jpg
67d6807619064938a78832b4106de5c0,live,ã€åŠ ç­å°ã€‘åˆåˆåˆä¾†é‚„ææ€–éŠæˆ²å‚µå•¦ï¼Œèˆ‡å¤¥ä¼´ä¸€èµ·å¤§æ®ºå››æ–¹,2023-12-22T21:40:39Z,https://www.twitch.tv/chengmimeow,https://static-cdn.jtvnw.net/previews-ttv/live_user_chengmimeow-{width}x{height}.jpg
6c7336d4605540c6871de5f96874129c,live,ã€æˆ¶å¤–å°ã€‘é«˜é›„ç¶²èšäºŒå¤©ä¸€å¤œ â™¡ !è‡ªä¸»è¨‚é–±ä¸¨ @mibao1013,2023-12-22T22:25:49Z,https://www.twitch.tv/mibao1013,https://static-cdn.jtvnw.net/previews-ttv/live_user_mibao1013-{width}x{height}.jpg
887b37336c9c4730809ace8b5e38df17,live,ä¸€èµ·è“‹è¿ªå£«å°¼ğŸ…è–èª•ç¯€12/25ğŸ„DCç´„æœƒï½œğŸ’‰éœ²æµæ„Ÿ555 à¹Â·Â°(à§¹ËƒÌµï¹Ë‚Ìµà§¹)Â°Â·à¹ï½œğŸ€è¨‚é–±75æŠ˜âƒ  é ˜é™å®šæ¡Œå¸ƒà·†,2023-12-23T00:55:27Z,https://www.twitch.tv/isyourlulu,https://static-cdn.jtvnw.net/previews-ttv/live_user_isyourlulu-{width}x{height}.jpg
aef2ed42d49343f28394b6335695b5ac,live,Far Cry 4 1223,2023-12-23T03:05:16Z,https://www.twitch.tv/yuncream,https://static-cdn.jtvnw.net/previews-ttv/live_user_yuncream-{width}x{height}.jpg
9d9c6477329245cbb2557895f4f15686,live,/á . Ì« .áŸ\ 1223 Arena Breakout æš—å€çªåœ æ¶é‡‘è³½ .áŸ.áŸ æœ€æ–°lineè²¼åœ–ä¸Šæ¶ â¸œâ™¡â¸ âœ¿ !LINE !å‘¨é‚Š !DC !COVER,2023-12-23T03:14:08Z,https://www.twitch.tv/iitifox,https://static-cdn.jtvnw.net/previews-ttv/live_user_iitifox-{width}x{height}.jpg
7531ceacd52e43b4a29ba4dc18a3f56c,live,æˆ‘æƒ³è¦é‚£å€‹ç¾ç¾çš„è¡£æœ !é™è½è½‰ç›¤ !ç²¾è¯ | ğŸ™ğŸšğŸšğŸ›,2023-12-23T04:29:07Z,https://www.twitch.tv/aliengee,https://static-cdn.jtvnw.net/previews-ttv/live_user_aliengee-{width}x{height}.jpg
310862830fb648b78cca7e581e2622a7,live,â—† åŠ ç­å°DAY53 â—† æœ€å¾Œä¸€å¤©:D  // !åŠ ç­ !å‘¨é‚Š !350 !é¼ æ¨™ //ã€èµ¤ç¾½äºçŸ¢ã€‘,2023-12-23T05:37:44Z,https://www.twitch.tv/ayaakahane,https://static-cdn.jtvnw.net/previews-ttv/live_user_ayaakahane-{width}x{height}.jpg
793ec2d37c544cc7915d3dc3e9902e1d,live,ã€èŠå¤©å°ã€‘ä¾†ç©éŠæˆ²W,2023-12-23T06:00:42Z,https://www.twitch.tv/kozukiyuki_0710,https://static-cdn.jtvnw.net/previews-ttv/live_user_kozukiyuki_0710-{width}x{height}.jpg
35f3bb64e69c432180b98dde239f3bdd,live,ğŸŒ°æˆ‘ä¸æœƒç©FPSğŸ° ä¾†è‡ªä¹åä¹å¤è‘£åº—çš„äººå¶ï¼Œæ —å¯è““æ­,2023-12-23T06:07:01Z,https://www.twitch.tv/rika99ch,https://static-cdn.jtvnw.net/previews-ttv/live_user_rika99ch-{width}x{height}.jpg
4859b57db8e043f1965e56324f137097,live,ã€éˆ´å¨œã€‘12/23ï½œé¬¼è½‰å¸è¡€é¬¼,2023-12-23T06:30:46Z,https://www.twitch.tv/lingna0,https://static-cdn.jtvnw.net/previews-ttv/live_user_lingna0-{width}x{height}.jpg
a5773880b0f040a9abbecacf3eb0eb29,live,1223 æ‘¸é­š,2023-12-23T06:40:38Z,https://www.twitch.tv/nu1014,https://static-cdn.jtvnw.net/previews-ttv/live_user_nu1014-{width}x{height}.jpg
3e269031fb4b45aaa0906ca424190ce2,live,âœ¦ã€?ã€‘æˆ‘æƒ³ç©éŠæˆ² â™¡ ç•«ç•«æ™šé» è¨‚é–±ä¸ƒäº”æŠ˜ ! || @umii_u  ||à¸… çœ‹å°+7Tv,2023-12-23T07:05:37Z,https://www.twitch.tv/umii_u,https://static-cdn.jtvnw.net/previews-ttv/live_user_umii_u-{width}x{height}.jpg
a3ce195c0069494c99849d0b1a10a7fd,live,ã€#æŒ¨æ‰“æ—‹é¢¨6ã€‘ 12/23å‡±çˆ¾ç”Ÿæ—¥å¿«æ¨‚ï¼ï½œ#æ‚ ç™½ #Ubye,2023-12-23T07:29:33Z,https://www.twitch.tv/konyunubye,https://static-cdn.jtvnw.net/previews-ttv/live_user_konyunubye-{width}x{height}.jpg
09945e9139af4f3a96e6adfd73139d35,live,ã€åŠé»æ»´ã€12/23 ä¾†æ¯ç†±å¥¶èŒ¶ï½çª©çœŸçš„å¥½å†·å–”ï¼ ft.,2023-12-23T07:30:19Z,https://www.twitch.tv/mayko0327,https://static-cdn.jtvnw.net/previews-ttv/live_user_mayko0327-{width}x{height}.jpg
965ff8a77ab845aaac693d9c7a56f82d,live,ï¹ğŸ§å‘¼å‘¼ï¹12/23 è‰¾çˆ¾ç™»æ³•ç’° | æˆ‘é²åˆ°äº†âœ¨!è–èª•æ¨¹,2023-12-23T07:34:14Z,https://www.twitch.tv/penguinhuhu,https://static-cdn.jtvnw.net/previews-ttv/live_user_penguinhuhu-{width}x{height}.jpg
c9e933e250e747f88f8cbf4857ec7f3b,live,12/23 è¶•å·¥æ©Ÿå™¨é¼ ,2023-12-23T07:46:18Z,https://www.twitch.tv/yukihana0319,https://static-cdn.jtvnw.net/previews-ttv/live_user_yukihana0319-{width}x{height}.jpg
d9e5219a4cd84ac59bc35faa94729f01,live,ã€å¸Œæ¯”ã€‘åˆè¦‹å®‰å®‰ä¸¨ @hebemegami,2023-12-23T07:53:51Z,https://www.twitch.tv/hebemegami,https://static-cdn.jtvnw.net/previews-ttv/live_user_hebemegami-{width}x{height}.jpg
86e86bf2d8e54e9083613e7398e1e7ac,live,ä»Šå¤©æ˜¯é˜¿èŒ²æ‰˜æ¯”æ²’é–‹å°çš„ç¬¬å…­å¤©...çµ‚æ–¼å¯ä»¥çµ¦è§€çœ¾å–æš–äº†,2023-12-23T08:28:18Z,https://www.twitch.tv/azutobi,https://static-cdn.jtvnw.net/previews-ttv/live_user_azutobi-{width}x{height}.jpg
e443b9e0c3524137ba2774625c6c78cd,live,ã€‘çªç™¼ã€ 12/23 æ‰“ä¸é å°±åŠ å…¥ä»–å€‘!ç´™å«è¡£4ç´…çµ²çº éƒ½ä¾†äº†å°±è¿½éš¨æˆ‘ä¸€ä¸‹å•¦! @ichihatsuhane,2023-12-23T08:33:29Z,https://www.twitch.tv/ichihatsuhane,https://static-cdn.jtvnw.net/previews-ttv/live_user_ichihatsuhane-{width}x{height}.jpg
c08ae8d7412d407c8b233f6e445d081c,live,PokÃ©mon,2023-12-23T08:52:26Z,https://www.twitch.tv/bk20112,https://static-cdn.jtvnw.net/previews-ttv/live_user_bk20112-{width}x{height}.jpg
0e9aeecbe8f04a62ab781cf2e520eba0,live,12/23 è©²ç©ä¸€æ³¢äº†å§!!! å…«é»å¤šäººæ’¿åƒåœ¾(à¹‘â€¢Ì â‚ƒ â€¢Ì€à¹‘) | @shen_0828 | âœ¨å˜æ—‹èˆ‡é­”å„²åˆä½œå•¦âœ¨è©³æƒ…è«‹è¼¸å…¥ !ä»£å„² !åŠ ç­ !è²¼åœ– +7Tv,2023-12-23T08:55:33Z,https://www.twitch.tv/shen_0828,https://static-cdn.jtvnw.net/previews-ttv/live_user_shen_0828-{width}x{height}.jpg
6908430ccb204a1b9d95ee7a1711cae3,live,ã€è˜†è‘¦ğŸ­ã€‘12/23 é»ƒé‡‘æ¸¯...æ‹¾è’...æ—¥è¨˜  Ê¢Â·ÍˆË”Â·ÍˆÊ¡â— Ì‘Ì‘,2023-12-23T09:04:39Z,https://www.twitch.tv/luweibaby,https://static-cdn.jtvnw.net/previews-ttv/live_user_luweibaby-{width}x{height}.jpg
6b21f41580a64cc7ab15d219a612723b,live,[ zuzu ]  æœ‰æœ‹å‹çš„RK ç—›å“­æµæ¶•  !å°è¦ !å¯¶è² !DC !YT,2023-12-23T09:14:46Z,https://www.twitch.tv/zuzu_lemon_,https://static-cdn.jtvnw.net/previews-ttv/live_user_zuzu_lemon_-{width}x{height}.jpg
ba562aad440d483e988d3ce7e7217c94,live,[è²“å®®é¦™è‰]  12/23 å†¬å­£ç‰¹è³£ !DC  !è‡ªä¸»è¨‚é–±ç©åˆ†,2023-12-23T09:19:39Z,https://www.twitch.tv/vanilla_shironeko,https://static-cdn.jtvnw.net/previews-ttv/live_user_vanilla_shironeko-{width}x{height}.jpg
0a55a882e4ae4a1e9c1e77ea001aa91b,live,ã€éš¨å¿ƒã€‘æ˜å¤©æ”¾å‡ @sueisin,2023-12-23T09:21:34Z,https://www.twitch.tv/sueisin,https://static-cdn.jtvnw.net/previews-ttv/live_user_sueisin-{width}x{height}.jpg
8b810380ed254a5e8a85b65552ba4e61,live,ã€ä¸ƒå…”ã€‘12/23 æ’¿åƒåœ¾ feat.å¾ˆå¤šäºº â˜ƒï½œ @nayomi0204 ï½œ!VIP !è–èª•å°ä¸ƒå…” !é»æ­Œ,2023-12-23T09:34:01Z,https://www.twitch.tv/nayomi0204,https://static-cdn.jtvnw.net/previews-ttv/live_user_nayomi0204-{width}x{height}.jpg
9b33b75521bd43bca3346790ac65559c,live,â—œè»å¨œâ— 12/23 æ²’æœ‹å‹çš„æ¨èˆŠå¹£  @mtow9140    âœ“ !æ•¸å­¸  !æ°‘ä»£  !YT,2023-12-23T09:49:45Z,https://www.twitch.tv/mtow9140,https://static-cdn.jtvnw.net/previews-ttv/live_user_mtow9140-{width}x{height}.jpg
445a732fc0f64712b3213b4cd98fbdd3,live,ã€War Thunderã€‘ä»Šå¤©æˆ‘æƒ³æ”¾é¬†ç©æˆ°é›·,2023-12-23T10:00:16Z,https://www.twitch.tv/aohanemakoto,https://static-cdn.jtvnw.net/previews-ttv/live_user_aohanemakoto-{width}x{height}.jpg
5c5880d994854afbbea0a35716bce186,live,éº¥å¡Š~è€ä¹…æŒ–é‘½çŸ³,2023-12-23T10:01:17Z,https://www.twitch.tv/shiina_yui,https://static-cdn.jtvnw.net/previews-ttv/live_user_shiina_yui-{width}x{height}.jpg
fd6a0236861940389e15ef85b16c6069,live,12/23âœ§ æ–°æ¥“ä¹‹è°·çš„ç¬¬ä¸€å¤© à·† | !Dc !éˆæ¥ !lineè²¼åœ– !è¨‚é–±ç¦åˆ©,2023-12-23T10:11:13Z,https://www.twitch.tv/hennie2001,https://static-cdn.jtvnw.net/previews-ttv/live_user_hennie2001-{width}x{height}.jpg
e58a5a6f40e040d79bbcd139824d6fc7,live,12/23 é˜¿å¥½å†·å–”!!! å†·å‡å…”è…¿~ |æ´»å‹• !è–èª•ç¯€ æ‰‹å·¥é¤…ä¹¾æŠ½ç å°ç¥•å¯† è¨‚é–±æœ‰75æŠ˜~| å¹«å¿™æ›å°è²éŸ³å¯èª¿1%å”·~é­”ç«¶å¨›æ¨‚ã€Œ!é­”å„²ã€è¨»å†Šè¼¸å…¥é›¨å’©æ¨è–¦ç¢¼äº«200å…ƒæŠ˜åƒ¹ | @yumie0306,2023-12-23T10:18:37Z,https://www.twitch.tv/yumie0306,https://static-cdn.jtvnw.net/previews-ttv/live_user_yumie0306-{width}x{height}.jpg
135224fe261040639a802804b52f22db,live,ã€CoreKeeperã€‘å¤–åœˆä¸‰ç‹!  ã€21:00ã€‘@shenmei0606 ft.ç”Ÿå­˜çµç¤¾,2023-12-23T10:26:04Z,https://www.twitch.tv/shenmei0606,https://static-cdn.jtvnw.net/previews-ttv/live_user_shenmei0606-{width}x{height}.jpg
f99b7c49c1c8472681987ac2d1ff87bc,live,æ­¡è¿å„è·¯å¯¦æ³æœ‹å‹é‚€è«‹: ç‰¹æˆ°è‹±è±ªã€æ’¿åƒåœ¾ã€Apexã€å…¶ä»–éŠæˆ²å…è²»å‹å·¥é™ªç© !æŠ–å½±ç‰‡ !VPN,2023-12-23T10:30:35Z,https://www.twitch.tv/restiafps,https://static-cdn.jtvnw.net/previews-ttv/live_user_restiafps-{width}x{height}.jpg
3034b51ec8ad439fa7033773a72a5c4a,live,ã€é˜¿å¼¦ã€‘1223ï½œç›´æ¥æ®ºå»è²·æ‰‹æŠŠï¼Œå¿«æ¨‚æ‰“é¾  à¸…â€¢Ï‰â€¢à¸…,2023-12-23T10:33:21Z,https://www.twitch.tv/luxian1215,https://static-cdn.jtvnw.net/previews-ttv/live_user_luxian1215-{width}x{height}.jpg
28a930938667442288010b333937e2ab,live,ã€ç„¦å…’ã€‘3.0æ–°çš®12/30ç™»å ´ï¼Œè¨‚é–±75æŠ˜æ•‘æ•‘ç„¦ä¸»æ’­ï¼è¡åˆº350è¨‚é–±ç©åˆ†ğŸ’™é­”ç«¶å¨›æ¨‚ã€Œé­”å„²ã€è¨»å†Šè¼¸å…¥æ¨è–¦ç¢¼äº«200å…ƒæŠ˜åƒ¹| @joerze |!YT !å·¥å•† !é€±é‚Š !è¦ªå§Šå§Š çœ‹å°è£7tv,2023-12-23T10:34:32Z,https://www.twitch.tv/joerze,https://static-cdn.jtvnw.net/previews-ttv/live_user_joerze-{width}x{height}.jpg
0eba942738504c8182c861668195c39e,live,12/23 æ¨æ¨ä¸»ç·š | @asahinayukito,2023-12-23T10:36:18Z,https://www.twitch.tv/asahinayukito,https://static-cdn.jtvnw.net/previews-ttv/live_user_asahinayukito-{width}x{height}.jpg
31f4c00be9eb41a1a6be0356614048fd,live,[Lv46] [å‚åŠ å‹]| ã‚¢ãƒªãƒ¼ãƒŠã£ã¦ãªã‚“ã§ã£ã™ã‹ï¼Ÿ[JP/EN/ä¸­],2023-12-23T10:37:03Z,https://www.twitch.tv/yeee_shen,https://static-cdn.jtvnw.net/previews-ttv/live_user_yeee_shen-{width}x{height}.jpg
c7f53f2fbdbe4db488629ab4d738a16a,live,â¤ï¸Phasmophobia+Ghost Watchersâ¤ï¸å¯¦æ³ æ¯å¤©éƒ½åœ¨æŠ“é¬¼å’Œæé¬¼çš„è·¯ä¸Š   ft.,2023-12-23T10:56:39Z,https://www.twitch.tv/yanyuanxi,https://static-cdn.jtvnw.net/previews-ttv/live_user_yanyuanxi-{width}x{height}.jpg
7a0eb6cbe5a94663888ef35a63ab3b5a,live,ã€LOLã€‘ä¾†äºº å¹«æˆ‘æš–å°ã€ @kamiya_uyuki ã€‘,2023-12-23T10:57:04Z,https://www.twitch.tv/kamiya_uyuki,https://static-cdn.jtvnw.net/previews-ttv/live_user_kamiya_uyuki-{width}x{height}.jpg
6bd49f94afb144e995247388ca8c42a8,live,ã€æ©™Yuzumiã€‘ã€æ—¥ï¼ä¸­ã€‘ RANK w/ã¿ã£ããƒ¼å›ã€ã‚³ãƒ³ã‚½ãƒ¡ã•ã‚“,2023-12-23T11:01:37Z,https://www.twitch.tv/yuzumi_neon,https://static-cdn.jtvnw.net/previews-ttv/live_user_yuzumi_neon-{width}x{height}.jpg
0f7d7faa487642d0a8ff6d5fc8dbc394,live,ã€12/23ã€‘ç…™ç«æ‰¾å¾—å·®ä¸å¤šäº† ç¹¼çºŒåš•!!||è—¤å ‚å¹¸åŠ©å•†å“ç†±è³£ä¸­!!è©³æƒ…è«‹è¦‹æ¨ç‰¹ç½®é ‚ ||Twitch bonuså±€é–‹è·‘ä¸­!!,2023-12-23T11:02:03Z,https://www.twitch.tv/chaocheche,https://static-cdn.jtvnw.net/previews-ttv/live_user_chaocheche-{width}x{height}.jpg
bd7947d2357941039893b911b18f3b4c,live,12/23ã€ä¸–ç´€å¸åœ‹2ã€‘æˆ‘ä¾†ï¼Œæˆ‘å»ºï¼Œæˆ‘å¾æœ (Road to 1400),2023-12-23T11:08:21Z,https://www.twitch.tv/minazukitouka,https://static-cdn.jtvnw.net/previews-ttv/live_user_minazukitouka-{width}x{height}.jpg
f84598913e654789a80556fd38388dfb,live,ã€é‡ç†Šã€‘12/22 ADO Gã„Œé¤’...,2023-12-23T11:17:54Z,https://www.twitch.tv/bearwb,https://static-cdn.jtvnw.net/previews-ttv/live_user_bearwb-{width}x{height}.jpg
2f966e51210f49ba9dce2ac90e3ada18,live,Êš ruriilive É 1223 å…ˆä¹ƒä¸‹ä¸‹æ£‹åœ¨ä¹ƒçœ‹çœ‹è¦å¹¹å˜› (â—•Ü«â—•)(â—•Ü«â—•) | æ–°ç›®æ¨™500è¿½éš¨ @rurii0303,2023-12-23T11:18:48Z,https://www.twitch.tv/rurii0303,https://static-cdn.jtvnw.net/previews-ttv/live_user_rurii0303-{width}x{height}.jpg
7425576151124e11a94609fd1b8687bc,live,1223 | å¡æ¡‘å¾·æ‹‰åŠå‘¨å¹´æ´¾å° | åˆè¦‹é†¬è‚‰å¤§æ­¡è¿ @cassandra_desu_,2023-12-23T11:20:43Z,https://www.twitch.tv/cassandra_desu_,https://static-cdn.jtvnw.net/previews-ttv/live_user_cassandra_desu_-{width}x{height}.jpg
50c9dbd2624f41408f2b6a9ccf61e447,live,ã€Monster Hunter : Worldã€‘è¼ªç›¤å¤§æŒ‘æˆ°!!ã€è¥¿æ‘å½±é£›ã³ã€‘,2023-12-23T11:22:03Z,https://www.twitch.tv/nishimurakagetobi,https://static-cdn.jtvnw.net/previews-ttv/live_user_nishimurakagetobi-{width}x{height}.jpg
3dc59c2e8b424c9e812fb48048ebdef8,live,12/23ã€æ°¸åŠ«ç„¡é–“ã€‘ç¨å¾®æ‰“ä¸€ä¸‹é€šè¡Œè­‰ï¼,2023-12-23T11:26:53Z,https://www.twitch.tv/chishima_neu,https://static-cdn.jtvnw.net/previews-ttv/live_user_chishima_neu-{width}x{height}.jpg
d79b58ef1a2844be892c7295e25ccb81,live,ç«¶æŠ€å ´~,2023-12-23T11:29:14Z,https://www.twitch.tv/saraignite,https://static-cdn.jtvnw.net/previews-ttv/live_user_saraignite-{width}x{height}.jpg
3de6bc82438b451abf5ebe76a366be24,live,ã€ğŸ­ğŸ®ğŸ®ğŸ¯ã€‘å–æš–å…§æˆ°å¯†ç¢¼123456 à©­ Ë™á—œË™ )à©­ / æœ‰ç¼ºéƒ½å¯ä»¥++   / !å¿ƒçµ !ç°½åˆ° !åƒå•¥ / åŠ›æ‹¼æ˜å¹´ç›®æ¨™ç´«å‹¾å‹¾ â­,2023-12-23T11:31:53Z,https://www.twitch.tv/taotao_0,https://static-cdn.jtvnw.net/previews-ttv/live_user_taotao_0-{width}x{height}.jpg
7a8c9d29e4f44a1489379cbc04f81fce,live,ã€overcook2ã€‘å¿«æ¨‚ç…®é£¯ï¼Œä»Šå¤©æ˜¯è–èª•ç¤¾å…§é€£å‹•ï½œç‹é›¢Foxy @oriyukioxo @forkedual @huskyun111,2023-12-23T11:35:26Z,https://www.twitch.tv/foxing_zzz,https://static-cdn.jtvnw.net/previews-ttv/live_user_foxing_zzz-{width}x{height}.jpg
fec8644970684cffbbae8dd37a52d59c,live,ã€Overcookedã€‘è–èª•äº¤æ›ç¦®ç‰©â™¥ ! ä¾†çœ‹çœ‹ç…®èœçš„é»˜å¥‘   @foxing_zzz @forkedual @huskyun111,2023-12-23T11:35:34Z,https://www.twitch.tv/oriyukioxo,https://static-cdn.jtvnw.net/previews-ttv/live_user_oriyukioxo-{width}x{height}.jpg
c485c46db92a4cda909347804da07153,live,????????æ™‚éš”å¾ˆä¹…æ‰“é–‹twitchæˆ‘ç”šéº¼æ™‚å€™300è¿½äº†?????????è–èª•ç¯€çš„overcooked feat.å¾’æ­¥æ—…è¡ŒEUPHORIA,2023-12-23T11:37:17Z,https://www.twitch.tv/huskyun111,https://static-cdn.jtvnw.net/previews-ttv/live_user_huskyun111-{width}x{height}.jpg
8150f530d858418282811429cc32622b,live,æŠ“ç¥ç¸~æ‰¾å½©è›‹~ã€Š å¯¶å¯å¤¢ æœ±ï¼ç´« é›¶ä¹‹ç§˜å¯¶ ã€‹ #é›¶ä¹‹ç§˜å¯¶ #å¯¶å¯å¤¢ #å¯¶å¯å¤¢æœ±ç´«,2023-12-23T11:38:25Z,https://www.twitch.tv/mengcynia,https://static-cdn.jtvnw.net/previews-ttv/live_user_mengcynia-{width}x{height}.jpg
bf277797951346fe991c27c79a6c5081,live,12/23ã€å…”å…”ã€‘å…«é»10åˆ†è¯å‹•æ’¿åƒåœ¾~è¯å‹•æ™‚è«‹èŠå¤©å®¤ä¹–ä¹–/ æœ‰æ–°è¨‚é–±åœ–ï½œå…”å…”èˆ‡é­”å„²åˆä½œæ‹‰ï½œ !é­”å„² !è‡ªä¸»è¨‚é–±ï½œ @rabbit1102 ï½œ è‡ªä¸»è¨‚é–±æ”¹ç‚ºç©åˆ†åˆ¶åº¦  (â—â€¢á´—â€¢â—)â¤,2023-12-23T11:39:30Z,https://www.twitch.tv/rabbit1102,https://static-cdn.jtvnw.net/previews-ttv/live_user_rabbit1102-{width}x{height}.jpg
07b9e0f7118446be96cc2d12f5d8ad02,live,è§€çœ¾å ´ !å•å· DCæœ‰æ–°æ¡Œå¸ƒ!! !å‘¨é‚Š !yt !è²¼åœ– !ä»£å„² éŠæˆ²å„²å€¼æ‰¾é­”å„²  @latteda_ ã€Latte Ch. â˜• ï¼å€‹äººVtuberã€‘,2023-12-23T11:39:45Z,https://www.twitch.tv/latteda_,https://static-cdn.jtvnw.net/previews-ttv/live_user_latteda_-{width}x{height}.jpg
7754a4ea82814b7fbbecfcf459382001,live,ã€â™¡é˜¿å’ªè€è˜‡â™¡ã€‘12/23 â£ æ­£åœ¨æº–å‚™é¾å¹´ä¼åŠƒâ£ æ˜å¤©å¹³å®‰å¤œå•¦~~ áŠá£êˆŠá£áŠâ™¡,2023-12-23T11:41:18Z,https://www.twitch.tv/qmi_uwumai0612,https://static-cdn.jtvnw.net/previews-ttv/live_user_qmi_uwumai0612-{width}x{height}.jpg
0ad03ee6159c4d37a4feccbc49ba3dcf,live,ã€Vtuberé»˜å¤œã€‘ ã€Vtuberé»˜å¤œã€‘ POEåˆ·åˆ· ç„¡æƒ…çš„å¼·ç›œäºº,2023-12-23T11:43:13Z,https://www.twitch.tv/mokuya987,https://static-cdn.jtvnw.net/previews-ttv/live_user_mokuya987-{width}x{height}.jpg
f3fe9fb6de2a477fae878a39924c15bd,live,12/23ã€ç±³å¥§Mioã€‘ä»Šå¤©ä¾†æƒ³ç´…åŒ…è·Ÿæ·µå‚³åˆä½œæ´»å‹•!| !DCC |!å‘¨é‚Šå°èª¿  | !è–èª•æ¨¹ | !è–èª•è³£å ´  |,2023-12-23T11:45:18Z,https://www.twitch.tv/naohmio,https://static-cdn.jtvnw.net/previews-ttv/live_user_naohmio-{width}x{height}.jpg
8b027d3a3f374c9c8398b6dd751e5018,live,12/23ï½œè·ŸYoroã€å“ˆç“œåœ˜ç·´ç›¡ç•Œæˆ°ç·š æ™šé»NOTD (Â´â—‰â€¿â—‰ï½€) ï½œ!å¥½ç©éŠæˆ²,2023-12-23T11:49:52Z,https://www.twitch.tv/lisheng_tw,https://static-cdn.jtvnw.net/previews-ttv/live_user_lisheng_tw-{width}x{height}.jpg
9a7b7c9c31da44aca5a68395a2e69488,live,æ–°æ„Ÿè¦šï¼ç„¡å£°é€æ˜Vtuberæ”¾é€ä¸­,2023-12-23T11:51:58Z,https://www.twitch.tv/trombeningen,https://static-cdn.jtvnw.net/previews-ttv/live_user_trombeningen-{width}x{height}.jpg
38391974f5af4fbbb6224e3d6f2f7fb3,live,RG Day2 3/F VIOLET 14è™Ÿ  @kurosakiyuu (âËƒá†ºË‚)   !æ˜¯æ—¥è¡Œç¨‹ !2game 12/23,2023-12-23T11:52:27Z,https://www.twitch.tv/kurosakiyuu,https://static-cdn.jtvnw.net/previews-ttv/live_user_kurosakiyuu-{width}x{height}.jpg
94c7cb6122bd4dcab2d8660ddc5f5508,live,ã€#æ¡ƒå¤ªéƒé›»é‰„ãƒ¯ãƒ¼ãƒ«ãƒ‰ åœ°çƒã¯å¸Œæœ›ã§ã¾ã‚ã£ã¦ã‚‹ã€‘æ¡ƒé‰„ã®ç´ æ™´ã‚‰ã—ã•ã‚’æ•™ãˆã¦ã‚ã’ã‚‹â™¡#1,2023-12-23T11:54:15Z,https://www.twitch.tv/doumekikuki,https://static-cdn.jtvnw.net/previews-ttv/live_user_doumekikuki-{width}x{height}.jpg
c6d51e51df5a49f28bf25901f78a955b,live,ã€12/23ã€‘åˆè¦‹ä»™åŠå¥‡ä¿ å‚³ã€Pinoloã€‘Live2Då§”è¨—é–‹æ”¾é ç´„ä¸­,2023-12-23T11:55:15Z,https://www.twitch.tv/konnopinolo,https://static-cdn.jtvnw.net/previews-ttv/live_user_konnopinolo-{width}x{height}.jpg
c51f84b3ec9c4501a364a6a4982fa284,live,ã€ä¸­æ–‡/Englishã€‘1223 æ¸¬è©¦ä¸€ä¸‹NDIé›™æ©Ÿç›´æ’­ !é­”å„²  | !ç«¶æŠ€å ´ace !æ–°ç‰‡ !vpn   !NP  !7tv é»æ­Œæ‰“!srï½œğŸŒªé¢¨çµ® @fengxu_vt,2023-12-23T11:56:25Z,https://www.twitch.tv/fengxu_vt,https://static-cdn.jtvnw.net/previews-ttv/live_user_fengxu_vt-{width}x{height}.jpg
5f9ded46df28474bbd1470d761700f30,live,ã€è§€çœ¾å ´ã€‘å¹³å®‰å¤œä¾†é»æˆ€æ„›æ¨¡æ“¬éŠæˆ²å§ï¼åˆ°åº•èª°å¯ä»¥æŠ±å¾—ç¾äººæ­¸å‘¢ï¼Ÿï¼,2023-12-23T11:56:52Z,https://www.twitch.tv/fuyukisakura,https://static-cdn.jtvnw.net/previews-ttv/live_user_fuyukisakura-{width}x{height}.jpg
6bf231719d5e485fa0cdee99905858d4,live,12/23 é…’é›œï¼çµ‚æ¥µå¯†ç¢¼ã€‚å¾ˆå¤šäºº èµ¤ç‰›æ¨‚å¤©ã€è·¯å¡æ®¤ç‹ã€è³½æ‹‰ã€æ²™æ²™ç‹ã€æ¥“æœˆè•,2023-12-23T11:59:38Z,https://www.twitch.tv/xiaoke0109,https://static-cdn.jtvnw.net/previews-ttv/live_user_xiaoke0109-{width}x{height}.jpg
2694a505a0e0441bb99b49e8ce1f7473,live,ã€12/23ã€‘å…ˆåƒé£¯å†çœ‹çœ‹è¦å¹¹å˜›ï½œ!yt !ç¶ ç•Œ !æœƒå“¡ !7tv !æŒ‡ä»¤,2023-12-23T12:00:20Z,https://www.twitch.tv/kannazukilubee,https://static-cdn.jtvnw.net/previews-ttv/live_user_kannazukilubee-{width}x{height}.jpg
a6815e229f914db2a936ad70c285cea2,live,æ˜å¤©é¢è©¦ å¥½ç·Šå¼µ!!! |ã€å°æœˆæœˆ | @small_moonmoon ã€‘,2023-12-23T12:00:23Z,https://www.twitch.tv/small_moonmoon,https://static-cdn.jtvnw.net/previews-ttv/live_user_small_moonmoon-{width}x{height}.jpg
a83b6d485350402b90238deb371ae654,live,ã€å¤¢å¨œã€‘äºŒé€±å¹´åŠ ç­å°é–‹å§‹~ !åŠ ç­ !åŒæ¨‚åŠ æ™‚ã€åŠ ç­å°Day127ã€‘ã€æ­¡è¿æ›å°ã€‘,2023-12-23T12:00:27Z,https://www.twitch.tv/monna_nana,https://static-cdn.jtvnw.net/previews-ttv/live_user_monna_nana-{width}x{height}.jpg
1058d6e9f351455389e8a7a716ea26ff,live,ã€ ChouBye x Toujisenpai ã€‘è€¶èª•é›œè«‡ï¼›,2023-12-23T12:01:26Z,https://www.twitch.tv/toujipaisen,https://static-cdn.jtvnw.net/previews-ttv/live_user_toujipaisen-{width}x{height}.jpg
d035333252764e9e8376858cde0b3bca,live,ã€æ­Œé›œã€‘ç¶²è·¯ç©©ä¸€é»å•¦~æ‹œè¨—~~ï½œ!æŒ‡ä»¤ !é›æ’,2023-12-23T12:01:26Z,https://www.twitch.tv/cexinkokoro,https://static-cdn.jtvnw.net/previews-ttv/live_user_cexinkokoro-{width}x{height}.jpg
a9986f3ad4f340f297e9eb132a05ac84,live,æ­¡è¿ä¸€èµ·ç©    ãƒ½(âˆ€ï¾Ÿ )äºº(ï¾Ÿâˆ€ï¾Ÿ)äºº( ï¾Ÿâˆ€)äºº(âˆ€ï¾Ÿ )äºº(ï¾Ÿâˆ€ï¾Ÿ)äºº( ï¾Ÿâˆ€)ï¾‰,2023-12-23T12:01:29Z,https://www.twitch.tv/malshinna,https://static-cdn.jtvnw.net/previews-ttv/live_user_malshinna-{width}x{height}.jpg
7a88afc5eb644d76b35ed4ca968259bb,live,ã€ å§å™— ğŸ¦ã€‘12/23 é€™éŠæˆ²å“ªè£¡å¥½ç© | !è‡ªä¸»è¨‚é–± | 12æœˆè‡ªä¸»è¨‚é–±æœ‰æ‰‹æ©Ÿæ¡Œå¸ƒ!,2023-12-23T12:02:59Z,https://www.twitch.tv/babu_desu,https://static-cdn.jtvnw.net/previews-ttv/live_user_babu_desu-{width}x{height}.jpg
15ee6c1788974e31aefed5cc023781af,live,2023/12/23-å‹•ç‰©æ´¾å°èˆ‡æ‘ä¸‹ç·‹é›¨é€£å‹•(æ˜å¤©å…‰è¯å•†å ´æœ‰æ´»å‹•ï¼ŒåƒåŠ æ‹¿é£²æ–™è·Ÿæˆ‘çš„æ˜ä¿¡ç‰‡~åœ–å¥‡å›é¥‹æ´»å‹•ä¸­ï¼Œå¯ä»¥çš„æ”¯æŒä¸»æ’­~),2023-12-23T12:05:49Z,https://www.twitch.tv/yunasaki_vtuber,https://static-cdn.jtvnw.net/previews-ttv/live_user_yunasaki_vtuber-{width}x{height}.jpg
049cb6d09a3b4db49962aa5b8e468a3f,live,ã€å¤æœ¨æ—¥è‘µHimariã€‘è½èªªæœ‰éš»è²“è²“æœƒèªªè©±ï¼ä½†é€ƒå‡ºå¤§å¤§çš„æˆ¿å­ä¸¦è§£é–‹è¬åœ˜ï¼,2023-12-23T12:06:18Z,https://www.twitch.tv/himari_glacage,https://static-cdn.jtvnw.net/previews-ttv/live_user_himari_glacage-{width}x{height}.jpg
bf6401d2159c40a8a616defa8c2c4a66,live,ã€å°„å°„é…ä¿¡ã€‘æˆ‘åˆåˆåˆä¾†ç©apexäº†~ã€æ°´å¤©ä¸€è‰²ã€‘,2023-12-23T12:07:36Z,https://www.twitch.tv/mizutenishoku,https://static-cdn.jtvnw.net/previews-ttv/live_user_mizutenishoku-{width}x{height}.jpg
1a95847597f04ae39d6f0d9caba04a5f,live,ã€FF14ã€‘è–èª•å€’æ•¸ï¼Œä¾†åˆ·åé¨å•¦ï¼,2023-12-23T12:07:51Z,https://www.twitch.tv/kikirara22,https://static-cdn.jtvnw.net/previews-ttv/live_user_kikirara22-{width}x{height}.jpg
e0535f2d38f04d26aca33772bccb33b8,live,ã€æ‹‰èŠ™ã€‘èŒæ–°ç«åŠ›ä¸è¶³çš„ç‰†ä¸­ä½èª â–‘ æœ€æ–°é€²åº¦äº†å—uwu? â–‘ å¯ä»¥è½‰è·ç•¶é­”æ³•å¸«æƒ¹ï¼ â–‘ feat. @lugi_hua,2023-12-23T12:08:00Z,https://www.twitch.tv/g_luv0303,https://static-cdn.jtvnw.net/previews-ttv/live_user_g_luv0303-{width}x{height}.jpg
6bcb75418dd24274b2fe4b8e60a94999,live,ã€èŠå¤©ã€‘å„ä½å®‰å®‰ æ™šé»å†çœ‹çœ‹è¦åšå•¥-w- | æœ‰æ–°è²¼åœ–~,2023-12-23T12:09:43Z,https://www.twitch.tv/kaila7730,https://static-cdn.jtvnw.net/previews-ttv/live_user_kaila7730-{width}x{height}.jpg
2d3deb7610dd4329ba77597dfdd13043,live,ã€ç‰å­ã€‘å¤©æ°£å¥½å†· æƒ³è¦é‚€è«‹ä¸€èµ·é‘½æœ¨å–ç«... (à¹‘Â´ã…‚`à¹‘) è¨‚é–±è€…å°ˆå±¬æ¡Œå¸ƒå·²åœ¨DCä¸Šæ¶~,2023-12-23T12:11:17Z,https://www.twitch.tv/siumobbb,https://static-cdn.jtvnw.net/previews-ttv/live_user_siumobbb-{width}x{height}.jpg
837cc45c90974caa9f07699c3899fa7b,live,ã€å¯¶å¯å¤¢ï¼šæœ±ã€‘å¤šäº‹ä¹‹ç§‹ï¼,2023-12-23T12:11:46Z,https://www.twitch.tv/yoru_yn,https://static-cdn.jtvnw.net/previews-ttv/live_user_yoru_yn-{width}x{height}.jpg
107fac8e77f74af8ba95491ae9492642,live,âœ¦ å¾¡å®ˆåƒç§‹ âœ¦ æœ€è¿‘éƒ½å¥½å†·....(âÂ´â—¡`â)ï½œ12/23ï½œ,2023-12-23T12:13:00Z,https://www.twitch.tv/omorisanshu,https://static-cdn.jtvnw.net/previews-ttv/live_user_omorisanshu-{width}x{height}.jpg
7c781489389447e682388caccae7fb1c,live,ã€MHWIã€‘ä¾†æ‰“ä¸€æŠŠå¥½çœ‹ä½†æ ¹æœ¬ç”¨ä¸åˆ°çš„æ­¦å™¨ã€å¡æ´›æ¢…é‡Œæ–¯ã€‘,2023-12-23T12:13:27Z,https://www.twitch.tv/coralmeris,https://static-cdn.jtvnw.net/previews-ttv/live_user_coralmeris-{width}x{height}.jpg
9e64bba43928414884503de36f805c48,live,12/23 è–èª•ä¹‹é¬¼ä¾†äº†~ | æ›å°æŠ½å“€é³³ | !YT,2023-12-23T12:13:57Z,https://www.twitch.tv/wen620,https://static-cdn.jtvnw.net/previews-ttv/live_user_wen620-{width}x{height}.jpg
9ca05592c52f42649191751f18cb70e6,live,ã€ä¸­æ–‡/æ—¥æœ¬èªã€‘12/23 éš¨ç­†æ—¥èªŒ(PC) - æœˆç¶“ä¾†,2023-12-23T12:19:23Z,https://www.twitch.tv/sinonyuki,https://static-cdn.jtvnw.net/previews-ttv/live_user_sinonyuki-{width}x{height}.jpg
afa3e309e41044c5bffe17466607d481,live,é›ªé›ªà¹â€¢á´—â€¢à¹ 12/23 æ˜¨å¤©è«‹ä¸€å¤©å‡çš„å¥½å“¡å·¥ @yukkkkiouo é¦™é¦™çš„äººè¨­æº–å‚™å¥½äº† â™¡åˆé…ä¿¡æº–å‚™ä¸­â™¡,2023-12-23T12:25:51Z,https://www.twitch.tv/yukkkkiouo,https://static-cdn.jtvnw.net/previews-ttv/live_user_yukkkkiouo-{width}x{height}.jpg
25b1a8ceab1d439491fb4e98013cd0fc,live,ç›®æ¨™æ³°å¦!!!! ç©¶ç«Ÿå¯ä¸å¯ä»¥é‡åˆ°èƒ¡æ¡ƒé‰—è·Ÿé¢å…·å‘¢!!!???,2023-12-23T12:28:25Z,https://www.twitch.tv/beam_vt,https://static-cdn.jtvnw.net/previews-ttv/live_user_beam_vt-{width}x{height}.jpg
fa59e2edc64c432ebaeeb66b2a53ab2d,live,12/23â€Stardew Valleyâ€æˆ‘å¥½å†·...âèŸèŸè·Ÿé­”å„²åˆä½œè€¶â!åƒè—¥âœ¾ @datura_cherish â,2023-12-23T12:31:00Z,https://www.twitch.tv/datura_cherish,https://static-cdn.jtvnw.net/previews-ttv/live_user_datura_cherish-{width}x{height}.jpg
86853cb239d740ce953573ba74bd08bd,live,12/23 Nå°–å«è¨“ç·´ç­ å¯ä¸å¯ä»¥ä¸è¦ä¸€ç›´å¤§é©šå°æ€ªçš„é˜¿ é»é»é»,2023-12-23T12:31:16Z,https://www.twitch.tv/chiechie510,https://static-cdn.jtvnw.net/previews-ttv/live_user_chiechie510-{width}x{height}.jpg
6b8922c9532e435eb4f03cabc8bb23b1,live,ã€Lethal Companyã€‘ä¸Šç­ï¼(Î¦Ï‰Î¦) å…¶å¯¦è »æƒ³é‡åˆ°å°å¥³å­©çœ‹çœ‹çš„... ft. @beam_vt @val_elf_chaos @Me_hanatou @UnicornGachi,2023-12-23T12:31:20Z,https://www.twitch.tv/asamikoraru,https://static-cdn.jtvnw.net/previews-ttv/live_user_asamikoraru-{width}x{height}.jpg
d8fa0fb407c043cb9b65ab66c2221e8d,live,ã€å¸Œè€¶ã€‘12/23 [åŸç¥] 4.3æ´»å‹•é–‹è·‘ï½œè¨‚é–±å‘Šæ€¥ï½œæœ‰ç ¸ç ¸ï½œ!é­”å„²  @ca0510,2023-12-23T12:32:33Z,https://www.twitch.tv/ca0510,https://static-cdn.jtvnw.net/previews-ttv/live_user_ca0510-{width}x{height}.jpg
647a4992105c4f18b92239156e0064fb,live,è–èª•å‘¨æœ«æ²’äººé™ªæ‰€ä»¥æˆ‘è¦ä¸ŠAPEXå ±å¾©ä¸–ç•Œ English æ—¥æœ¬èªï¼¯ï½‹,2023-12-23T12:35:06Z,https://www.twitch.tv/yonekuniuzuki,https://static-cdn.jtvnw.net/previews-ttv/live_user_yonekuniuzuki-{width}x{height}.jpg
fdb0805c65e24f13b7f23e50e0db8ae2,live,ğŸ”´[æ˜å¤©è–èª•æŠ½ç] ç¬¬äºŒå±†ç‰¹æˆ°ç‰¹æˆ°æœˆå–µç›ƒ1/1å ±å â¤å€’æ•¸10å¤©è¨±é¡˜5000è¿½â¤ | !æŠ½ç !æœˆå–µç›ƒ | åŠ ç­å°DAY 79,2023-12-23T12:35:32Z,https://www.twitch.tv/lunymeow_tw,https://static-cdn.jtvnw.net/previews-ttv/live_user_lunymeow_tw-{width}x{height}.jpg
e22310d783c24889ac275bd84b6c7a0a,live,ã€JOJOBALLã€‘å¤±æ™ºçµäºº |  PC,2023-12-23T12:36:36Z,https://www.twitch.tv/jojoball7,https://static-cdn.jtvnw.net/previews-ttv/live_user_jojoball7-{width}x{height}.jpg
279a45d6a8f9445389b9b8cdbcb72ae8,live,ã€?ã€‘å¥½å†·!,2023-12-23T12:37:34Z,https://www.twitch.tv/zhechi_0319,https://static-cdn.jtvnw.net/previews-ttv/live_user_zhechi_0319-{width}x{height}.jpg
8402646577b24bd5918bda8690e790b4,live,2Déº¥å¡Š æ³°æ‹‰ç‘äº åˆé«”é©—ï¼ã€Terrariaã€‘,2023-12-23T12:37:47Z,https://www.twitch.tv/lunariawhite,https://static-cdn.jtvnw.net/previews-ttv/live_user_lunariawhite-{width}x{height}.jpg
e7e219a17a7644cd9d28a2ab871f5f7c,live,ã€è•¾è•¾ã€‘å¥½å†· !rei !bs,2023-12-23T12:37:58Z,https://www.twitch.tv/reichan_tw,https://static-cdn.jtvnw.net/previews-ttv/live_user_reichan_tw-{width}x{height}.jpg
d8b5835bc6aa46119cc7ddd4447e780f,live,1223ã€å’˜å°æ˜Ÿã€‘é»‘æ´å†ä¸€å€‹æ˜ŸæœŸå°±è¦é—œèµ·ä¾†æƒ¹ å¥½è€¶âà¼¼  â—• 3 â—•â‹† à¼½â !æ´»å‹• !è–èª• æªåœ˜ è½‰ç›¤,2023-12-23T12:39:13Z,https://www.twitch.tv/ssstar_180,https://static-cdn.jtvnw.net/previews-ttv/live_user_ssstar_180-{width}x{height}.jpg
2161dd499b2b493096ab04591890b15b,live,ã€å·¥ä½œé›œè«‡ã€‘12/23 åˆ¥äººéè–èª•ç¯€ï¼Œæ²³ç¥å»åœ¨åŠ ç­... é‚„æœ‰åŠå¹´ä¸€èµ·ä¾†çœ‹è§£èªªå½±ç‰‡å›é¡§ä¸€ä¸‹FF14ä¸»ç·šï¼ â”‚ æ¯å‘¨ä¸€æˆ–å‘¨ä¸‰å›ºå®šåˆé–“æ–¼åœ–å¥‡å‡ºæ²’ï¼ŒéŠæˆ²ã€é›œè«‡ã€ç¹ªåœ–ã€å·¥ä½œé™ªåŒå° â”‚ HuaiChin Ch.,2023-12-23T12:40:07Z,https://www.twitch.tv/huaichin_tw,https://static-cdn.jtvnw.net/previews-ttv/live_user_huaichin_tw-{width}x{height}.jpg
b18dea7632bc49db974a22d6eb6660fb,live,ã€å°é¹¿ã€‘12/23 å¯æ†å­¤ç¨ç‹©çµç¬›äºº,2023-12-23T12:43:02Z,https://www.twitch.tv/gelcxy_mue,https://static-cdn.jtvnw.net/previews-ttv/live_user_gelcxy_mue-{width}x{height}.jpg
37e88453b9cb48b1863bc455328b34c1,live,23/12  è‡´å‘½å…¬å¸ é–‹æ’¿| æ­¡æ›å°,2023-12-23T12:43:29Z,https://www.twitch.tv/kinarira,https://static-cdn.jtvnw.net/previews-ttv/live_user_kinarira-{width}x{height}.jpg
5f6dcf3b9b71405498aa07a2b80cb5ec,live,2023.12.23 çªç™¼ - ç¶²é å°éŠæˆ²? + éš¨æ„èŠèŠ,2023-12-23T12:51:26Z,https://www.twitch.tv/sapphire4169e1,https://static-cdn.jtvnw.net/previews-ttv/live_user_sapphire4169e1-{width}x{height}.jpg
d2e2645a97a14ce4b58a7884c0e6ec56,live,ã€å§”è¨—ã€‘åˆæ˜¯å·æ‡¶...å·¥ä½œçš„ä¸€å¤©ï½œï½œï½œ,2023-12-23T12:54:05Z,https://www.twitch.tv/ruyuidesu,https://static-cdn.jtvnw.net/previews-ttv/live_user_ruyuidesu-{width}x{height}.jpg
0a000a22ebd84abf860bcd5ef0a5ed60,live,è™¹å½©6è™Ÿ#19 è²“æ’å°éšŠå‡ºä»»å‹™ :|| è²“æ’ã¡ã‚ƒã‚“à¸…Î¦Ï‰Î¦à¸… Nekokatsu ch.,2023-12-23T12:55:18Z,https://www.twitch.tv/nekokatsu_0104,https://static-cdn.jtvnw.net/previews-ttv/live_user_nekokatsu_0104-{width}x{height}.jpg
577fdbca86fa4414a153b5ebdcab90d4,live,12/23ã€éµéµæ®ºã€‘ä»Šå¤©è·Ÿæœ‹å‹å€‘éµéµæ®º !7TV !DC !æ¨ç‰¹ !äºéº»,2023-12-23T12:55:55Z,https://www.twitch.tv/sakiyamaa_,https://static-cdn.jtvnw.net/previews-ttv/live_user_sakiyamaa_-{width}x{height}.jpg
53707f0116dc4fca8614ac7139e40b83,live,ã€å‰ç·šã€‘èµ°å‘å±éšªæˆ°çˆ­çš„é–‹æ”¾ä¸–ç•Œç”Ÿå­˜éŠæˆ²ï¼ã€å–ªå±è¿ªã€‘#å°ç£vtuber,2023-12-23T12:56:20Z,https://www.twitch.tv/siaodi12398,https://static-cdn.jtvnw.net/previews-ttv/live_user_siaodi12398-{width}x{height}.jpg
2e8c364f691740dd81c0fa61727a9790,live,ã€ğŸ¦Šç™¼ã€‘æ’¿åƒåœ¾å¤§åœ˜ï¼Œé€£å‹•é‚€ç´„æ­¡è¿ !,2023-12-23T12:56:50Z,https://www.twitch.tv/fafa_vtb,https://static-cdn.jtvnw.net/previews-ttv/live_user_fafa_vtb-{width}x{height}.jpg
f18f778f8a8b468cbe7dcd350228e3fb,live,ã€äºå¤™ã€‘12/23 é¬¼è½‰æ‹†ç®±äº¤æ›ç¦®ç‰©,2023-12-23T12:57:22Z,https://www.twitch.tv/yasu_dayo0823,https://static-cdn.jtvnw.net/previews-ttv/live_user_yasu_dayo0823-{width}x{height}.jpg
db4fd03c50654057bd32b9201666b345,live,ã€è‰è•—ã€‘æœˆä¸‹ä¹‹é–“çš„ç›¸æ„›ç›¸æ®ºğŸŒ¿ | éµé´¨æ®º #1223 @shirukaccc,2023-12-23T12:57:58Z,https://www.twitch.tv/shirukaccc,https://static-cdn.jtvnw.net/previews-ttv/live_user_shirukaccc-{width}x{height}.jpg
a24116ba22c84747818b7be8cd8eb733,live,ã€éµéµæ®º Goose Goose Duckã€‘å¿ƒçµæ¸¸æˆ²ï¼Œç”±ä½ æˆ‘é–‹å§‹ï¼feat. èˆè–‡å¦® + å¾ˆå¤šäºº  ã€eValorr æµ·è±šå“¥å“¥ã€‘ | @evalorr | !yt !dc,2023-12-23T12:59:49Z,https://www.twitch.tv/evalorr,https://static-cdn.jtvnw.net/previews-ttv/live_user_evalorr-{width}x{height}.jpg
d564ef4ee383435787e18dee18247631,live,ã€å¿«æ¨‚ç•«ç•« PADORUğŸ¦ˆã€‘ä¾†ä¸€èµ·é™·å…¥12æœˆçš„é­”å’’å§âœ¨#æ¥ ç–,2023-12-23T13:00:22Z,https://www.twitch.tv/nanjoy0707,https://static-cdn.jtvnw.net/previews-ttv/live_user_nanjoy0707-{width}x{height}.jpg
423ecad01c524c4595027051fcaa9ba7,live,12/23âœ®åˆé…å¾Œé›œè«‡~ç±³ç±³çš„å¿ƒè·¯æ­·ç¨‹å ±çµ¦ä½ çŸ¥à¸…^â€¢ï»Œâ€¢^à¸… ft. @o3316590,2023-12-23T13:00:30Z,https://www.twitch.tv/mimi_0222,https://static-cdn.jtvnw.net/previews-ttv/live_user_mimi_0222-{width}x{height}.jpg
52ff14aabd804801a6e589681fc2fb4d,live,æ®˜æœˆ EclipseYuki,2023-12-23T13:01:05Z,https://www.twitch.tv/eclipseyuki,https://static-cdn.jtvnw.net/previews-ttv/live_user_eclipseyuki-{width}x{height}.jpg
d2a7b2d142ea4076afcfc7263b9e09fd,live,ã€éŠæˆ²ï¼šGartic Phoneã€‘  çœ‹ä¸æ‡‚æˆ‘çš„ç•«å—ï¼Ÿ é‚£æ˜¯ä½ çš„å•é¡Œå•Š~~~ ã€è•¾é›… é¦¬ä¾†è¥¿äºVtuberã€‘  #é­”å¥³è•¾é›…Time !commands,2023-12-23T13:01:17Z,https://www.twitch.tv/rheacorey,https://static-cdn.jtvnw.net/previews-ttv/live_user_rheacorey-{width}x{height}.jpg
7179f903569e4fa9842b5c5ea3f7a645,live,PS5ã€äººä¸­ä¹‹é¾7 å¤–å‚³ã€‘#10 æŒ‘æˆ°ç™½é‡‘ã€ZIJI Ch. ç´«è–Šã€‘#vtuber #å°V #äººä¸­ä¹‹é¾7å¤–å‚³,2023-12-23T13:01:26Z,https://www.twitch.tv/ziji9258,https://static-cdn.jtvnw.net/previews-ttv/live_user_ziji9258-{width}x{height}.jpg
4c34c44a98974b709f7dbc7618847fd6,live,æœæœã¤/ÌµÍ‡Ì¿/â€™Ì¿â€™Ì¿ Ì¿ Ì¿Ì¿ Ì¿Ì¿â—Ï‰â— à¼½ã¤/ÌµÍ‡Ì¿/â€™Ì¿â€™Ì¿è¨˜å¾—é ˜è²¨!ï½œåŸç¥å°å»šæˆ¿å°UCï½œ !YT æ›´æ–°  !DC !æŠ½å°¾å·´ !æ¨ç‰¹ !é­”å„²(ï½¢ï½¥Ï‰ï½¥)ï½¢,2023-12-23T13:02:23Z,https://www.twitch.tv/5l5l3,https://static-cdn.jtvnw.net/previews-ttv/live_user_5l5l3-{width}x{height}.jpg
fd62c955979d4f14b788100154fb26e8,live,ğŸ’§é›¨å®®AKASAï½œæˆ‘å’Œé¾åª½è¢«ç¾å¥³åŒ…åœäº†ï¼!å¡ç‰‡,2023-12-23T13:02:34Z,https://www.twitch.tv/amemiyaakasa,https://static-cdn.jtvnw.net/previews-ttv/live_user_amemiyaakasa-{width}x{height}.jpg
c747687c19704747b4cae2d4d5715aa0,live,ã€12/23ã€‘èˆ‡æƒ¡é­”æœ‰ç´„  !è–èª•æŠ½ç !ç½é›£ !æ‰‹å†Š,2023-12-23T13:03:46Z,https://www.twitch.tv/ucnya,https://static-cdn.jtvnw.net/previews-ttv/live_user_ucnya-{width}x{height}.jpg
6603f7e70b684a07a3dac687460bacc5,live,Minecraft,2023-12-23T13:04:22Z,https://www.twitch.tv/kusubashi_shiya,https://static-cdn.jtvnw.net/previews-ttv/live_user_kusubashi_shiya-{width}x{height}.jpg
fe62d50e41af4aa29c3e2b0cfc62fb3d,live,12/23ã€DBDã€‘é€£å‹• @deliaethel_ @ewawawakiread @lika_brands @hettie_haitek,2023-12-23T13:06:37Z,https://www.twitch.tv/hinata_kuma0418,https://static-cdn.jtvnw.net/previews-ttv/live_user_hinata_kuma0418-{width}x{height}.jpg
61e81c6f534247b486b8125bd34fa960,live,ã€BLUEã€‘è–èª•æ–°è¡£è£  @blue_kao,2023-12-23T13:11:04Z,https://www.twitch.tv/blue_kao,https://static-cdn.jtvnw.net/previews-ttv/live_user_blue_kao-{width}x{height}.jpg
f44835c18dac441f910f4eb821ffd7ce,live,[Yukki] 12/23 ä¾†äººé¾8demoï¼ï¼å¥½æƒ³å¸¶æ¯›å¸½ï¼ˆvodå°å­˜ï¼‰| yt short ä¸Šç·š |ğŸ””!ytğŸ”” !é ­é¦™,2023-12-23T13:13:12Z,https://www.twitch.tv/yukkiwee,https://static-cdn.jtvnw.net/previews-ttv/live_user_yukkiwee-{width}x{height}.jpg
19a2801d800547e58c6560aa1accf3e4,live,[900è¨‚é–±æ…¶ç¥][UNDERTALE] è©¦è©¦çœ‹ä¸€æ¬¡é€šé—œå’Œå¹³ç·š ! æˆ‘çš„å…§å¿ƒå……æ»¿æ±ºå¿ƒ ! #undertale,2023-12-23T13:16:05Z,https://www.twitch.tv/cio831022,https://static-cdn.jtvnw.net/previews-ttv/live_user_cio831022-{width}x{height}.jpg
fef1577c0352446c8e371b9fd9e7cc73,live,#61 ä»Šå¤©çªç„¶æŠŠå¤§è²“æŠ“ä¾†é™ªç·´ç­‰ã€FF14ã€‘,2023-12-23T13:17:05Z,https://www.twitch.tv/mitorigaming,https://static-cdn.jtvnw.net/previews-ttv/live_user_mitorigaming-{width}x{height}.jpg
2c6b5ad20b4e4bdc85310b791d02b364,live,ã€12/23ã€‘ä¸‰å€‹æœˆç´€å¿µå›ââå•Šå“ˆ!å¿«çœ‹!!ä¸ä¸€æ¨£çš„è˜¿è˜¿! 8è™Ÿå‡ºå£...å•Ÿå‹•... || !è€ä¹…   @beilooo,2023-12-23T13:22:38Z,https://www.twitch.tv/beilooo,https://static-cdn.jtvnw.net/previews-ttv/live_user_beilooo-{width}x{height}.jpg
767afb93c0454b6291ea94d28ae5b5de,live,ã€SCUMã€‘é»é»æ­Œã€ç¾½å®®å¥ˆå¥ˆã€‘| 2023/12/23 21:20,2023-12-23T13:24:29Z,https://www.twitch.tv/hakunana1203,https://static-cdn.jtvnw.net/previews-ttv/live_user_hakunana1203-{width}x{height}.jpg
8125f51f9526408790a77c1c7b4a053b,live,â£ï¸æ—¥éº»â£ï¸è–èª•é»‘æš—æ—¥éº»ï¼ï¼æ‡²ç½°ä¹Ÿå¤ªå¤šæƒ¹å§à®‡Ğ´à®‡ @yuddtw @yutsuki0711 @yuzuri0321,2023-12-23T13:29:05Z,https://www.twitch.tv/sesney720,https://static-cdn.jtvnw.net/previews-ttv/live_user_sesney720-{width}x{height}.jpg
a51be890a1f443ea87bee45c9d8acf13,live,ã€Na Jã€‘ç¹¼çºŒæ’¿åƒåœ¾  âœ§  !12æœˆ@kankona0616 ï½œ!YT,2023-12-23T13:29:11Z,https://www.twitch.tv/kankona0616,https://static-cdn.jtvnw.net/previews-ttv/live_user_kankona0616-{width}x{height}.jpg
238b751368474f798a737e7cf1f4a87b,live,è–èª•é»‘æš—éº»å°‡é–‹æ‰“å•¦à² à±ªà² ,2023-12-23T13:29:15Z,https://www.twitch.tv/yuzuri0321,https://static-cdn.jtvnw.net/previews-ttv/live_user_yuzuri0321-{width}x{height}.jpg
67b37e4e1f2f49d88a047d650b70be91,live,å„˜å¯èƒ½ç¨±ä¹…ä¸€é»å°±æ˜¯æˆ‘çš„è·å‹™(æœƒä¸€ç›´è·³éŠæˆ²å–”)ï¼ˆåˆè¦‹ã•ã‚“ã€ä¸­å›½èªæ—¥æœ¬èªå¤§æ­“è¿ï¼‰  #å¤¢é‡æµæ˜ŸãŒæµã‚ŒãŸ,2023-12-23T13:29:49Z,https://www.twitch.tv/yumenoryuusei0404,https://static-cdn.jtvnw.net/previews-ttv/live_user_yumenoryuusei0404-{width}x{height}.jpg
c489b78388904133a8b93cd4d0470aad,live,ã€˜éŠæˆ²ã€™è¯ç›Ÿæ—¥å¸¸ï¼Œå¤ªä¹…æ²’ç©è‰¾å¸Œæ‰å‡ºå°æœç™¾åäº†å‘¢O3O,2023-12-23T13:30:30Z,https://www.twitch.tv/izumifuyutsuki,https://static-cdn.jtvnw.net/previews-ttv/live_user_izumifuyutsuki-{width}x{height}.jpg
577251897dc7463393b68c5b6f96559b,live,æ‰“ç“¦å›‰! FT. @smalljack @tonylearn @arcena0829 @fuli_valerie @ec_laser,2023-12-23T13:30:48Z,https://www.twitch.tv/noctjade,https://static-cdn.jtvnw.net/previews-ttv/live_user_noctjade-{width}x{height}.jpg
dc0f8e297afc4531ac04e46808f7ef6d,live,ã€ç›´ç”·å°ã€‘å¤§å®¶éƒ½è¦æ¶è²“è²“çš„å·¥ä½œQQ,2023-12-23T13:31:04Z,https://www.twitch.tv/cat8times,https://static-cdn.jtvnw.net/previews-ttv/live_user_cat8times-{width}x{height}.jpg
5f8e197a06bc453e8d9e0a1c6cb92f1c,live,ã€å’•å’•åš•è«¾å§†ã€‘|ã€MHWã€‘å†·(:3[___]=ğŸ¥20231223ğŸ¥ @gurugnome,2023-12-23T13:32:03Z,https://www.twitch.tv/gurugnome,https://static-cdn.jtvnw.net/previews-ttv/live_user_gurugnome-{width}x{height}.jpg
6d61885259b744a28c7b92c0785e8fe9,live,ã€èœåŒ…ã€‘ç‚ºä»€éº¼è¦ç©ä½©ä½©è±¬ï¼Ÿ,2023-12-23T13:34:15Z,https://www.twitch.tv/vegbao,https://static-cdn.jtvnw.net/previews-ttv/live_user_vegbao-{width}x{height}.jpg
a960b283b1124f44bc4bf2a16199977a,live,\     @muiii0x0,2023-12-23T13:34:23Z,https://www.twitch.tv/muiii0x0,https://static-cdn.jtvnw.net/previews-ttv/live_user_muiii0x0-{width}x{height}.jpg
4d01ec47d0804a47a9fef6d9d01d9c29,live,ä¸€å †é«˜é‡‘ç”Ÿ @0_MeeMu_0,2023-12-23T13:36:39Z,https://www.twitch.tv/0_meemu_0,https://static-cdn.jtvnw.net/previews-ttv/live_user_0_meemu_0-{width}x{height}.jpg
ecbeda5532474bdb8d08d4e15ce98d89,live,å“ªè£¡å¯ä»¥è²·åˆ°ç¬¬äºŒé¡†è‚ï½œcore keeperæœ€å¾Œä¸€éš»ç‹,2023-12-23T13:39:19Z,https://www.twitch.tv/huwaduck,https://static-cdn.jtvnw.net/previews-ttv/live_user_huwaduck-{width}x{height}.jpg
715cc1261d7e42c18135d47bd1cf2500,live,ã€ææ€–éŠæˆ²ä¸²ç‡’ä¹‹å¤œã€‘ç‚ºä»€éº¼é±‰ä¸ç¬‘ï¼Œå› ç‚ºé±‰ç¬‘æœƒå¾—å…§å‚·,2023-12-23T13:40:11Z,https://www.twitch.tv/kaoru3214,https://static-cdn.jtvnw.net/previews-ttv/live_user_kaoru3214-{width}x{height}.jpg
58bb51ba1bba485a98cbf859fb5687f4,live,ä¸»é¡Œé›œè«‡:å§”å±ˆ88,2023-12-23T13:44:00Z,https://www.twitch.tv/zhanxi0225,https://static-cdn.jtvnw.net/previews-ttv/live_user_zhanxi0225-{width}x{height}.jpg
1756e5a7f5a04ff6a7b5f482201b5cfc,live,ã€iZ4ã€‘12/23ï½œå£äº¥ï½œ!YTã€!é€±é‚Š @kiyomi425alice,2023-12-23T13:45:08Z,https://www.twitch.tv/kiyomi425alice,https://static-cdn.jtvnw.net/previews-ttv/live_user_kiyomi425alice-{width}x{height}.jpg
bff3b878d9864ff893bd79d1f2a7a849,live,ã€ä¼åŠƒé›œè«‡ã€‘å¸Œé‡ŒèŠå‹•æ¼«ï¼šè¼•æ”¹å‹•æ¼«ã€å¸Œé‡Œ| vtuberã€‘,2023-12-23T13:46:41Z,https://www.twitch.tv/xiri0117,https://static-cdn.jtvnw.net/previews-ttv/live_user_xiri0117-{width}x{height}.jpg
0aa8c41f04bf4f12b9a8281353ea448a,live,ã€æœæœã€‘å†æ¸¬è©¦ä¸€æ¬¡é›»è…¦ .áŸ.áŸ â¤ ( Â¯â€¢Ï‰â€¢Â¯ ) â™¡ 12/23 â™¡ï½œ!æ—¥æœ¬ï½œ !yt ï½œ @strawberry0908,2023-12-23T13:50:07Z,https://www.twitch.tv/strawberry0908,https://static-cdn.jtvnw.net/previews-ttv/live_user_strawberry0908-{width}x{height}.jpg
2f6cee890853475a8bf91f5ed45f8d4f,live,ã€éœ²å¨œç’è«¾ã€‘20231223  é€£å‹•å¤œï¼è·Ÿ  @rumu_1213  å’Œæ¡ƒæ¡ƒï¼,2023-12-23T13:50:11Z,https://www.twitch.tv/tsuki0806,https://static-cdn.jtvnw.net/previews-ttv/live_user_tsuki0806-{width}x{height}.jpg
3e86fddd8145474691e77ba761a6b2a5,live,12/23 25è™Ÿæ™šä¸Šæœ‰æŠ½çæ´»å‹•å”·( á› ) !æŠ½ç !å§”è¨— !dc !è‚‰æ³¥åŠ ç¢¼ !åŠé£¾,2023-12-23T13:50:16Z,https://www.twitch.tv/yinyin_neko,https://static-cdn.jtvnw.net/previews-ttv/live_user_yinyin_neko-{width}x{height}.jpg
281576aa13244a6e8671de0896a890c6,live,ã€æ­Œé›œã€‘ä¸å¤ªæœƒå”±ä¹Ÿä¸å¤ªæœƒèŠä½†ç¬¬ä¸€æ¬¡æ­Œé›œ ã€TW Vtuberã€‘ã€æå°¼æ‰˜-TiNiToã€‘,2023-12-23T13:54:02Z,https://www.twitch.tv/tinito0212,https://static-cdn.jtvnw.net/previews-ttv/live_user_tinito0212-{width}x{height}.jpg
3dda133703f64b019d7eea0c5cb55335,live,ã€ç€°å©­ãƒŸã‚¢ã€‘12/23(å…­)å”±æ­ŒTIMEï½œå…¨æ–°ç™¼ç‡’åˆ—è»Šè²¼åœ–!å•Ÿå‹•ğŸ’œï½œ1/2å‰è¨‚é–±75æŠ˜,2023-12-23T13:54:47Z,https://www.twitch.tv/miamya0615,https://static-cdn.jtvnw.net/previews-ttv/live_user_miamya0615-{width}x{height}.jpg